{"cameraMode":{"drawMode":0,"name":"Shaded","section":"Shading Mode"},"sceneLighting":false,"audioPlay":false,"sceneViewState":{"showFog":true,"showMaterialUpdate":false,"showSkybox":false,"showFlares":true,"showImageEffects":true,"showParticleSystems":true},"in2DMode":false,"pivot":{"x":-0.19652318954467774,"y":1.5622718334197999,"z":2.7025108337402345},"rotation":{"x":0.09138141572475434,"y":0.19438450038433076,"z":-0.0181910190731287,"w":0.9764920473098755},"size":4.6435546875,"orthographic":false}